name,age,street,city,state,zip,lng,lat
Charles Perez,59,0101 Moore Falls Suite 973,South Jenniferport,New York,91606,176.499596,-48.551933
Robin Peterson,60,177 James Loaf,Stephenstad,New Mexico,71429,87.344613,30.6267785
Kelly Bolton,70,18333 Tara Ports Suite 273,Lake Amytown,Alaska,59685,-56.961511,-35.641661
Gregory Taylor,40,8872 Holmes Road,North Michael,Tennessee,88737,-64.096622,51.8170505
Elizabeth Cox,23,262 Solis Crest Suite 469,Port Alyssa,Washington,00745,-140.157753,35.422330
Rebecca Brown,72,639 Sanford Mall,Zamorastad,Nevada,05755,169.582313,-2.4064995
Lori Moore,27,9551 Mary Turnpike Suite 543,Lake Alexanderbury,North Carolina,73664,157.480231,-47.209245
Emily Cook,78,425 Mason Brooks,Johnsonview,Michigan,50194,32.495007,16.3137335
Donald Chen,61,1725 Green Fields,Port Allentown,Oklahoma,19842,27.140459,-86.6497305
Cameron Taylor,22,761 Lisa Corner Apt. 777,Nielsenport,Arkansas,52327,92.813099,-74.3720785
Todd Braun,75,4220 Tonya Points Suite 292,Ryanton,Arizona,20373,-177.151303,-49.5787925
Andrew Riddle,46,147 Summers Street Suite 497,Taylorville,Mississippi,50707,159.358449,-69.470708
Eric Chan,45,294 Jacob Isle Suite 606,New Toddtown,Arkansas,84787,78.717995,-1.5868965
Kristina Sampson,51,59872 Johnson Forest Apt. 067,West Davidstad,Pennsylvania,86553,-10.918186,30.710324
Brittany Thomas,72,935 Shannon Glen Apt. 611,Millermouth,Indiana,39586,-175.441992,-16.870692
Gabriel Ramirez,40,3456 Vega Causeway Suite 940,Turnerbury,Oklahoma,92488,87.523173,-70.1173885
Samantha Miller,28,0573 Steven Ridge,Teresahaven,Oklahoma,49641,95.161916,-41.6876745
Gabriel Cox,57,07982 Lauren Estates Apt. 343,Olsonfort,Washington,43380,-30.217273,38.2440755
Scott Brown,24,9100 Davis Burg,Davisfort,South Dakota,90434,28.320962,-3.448842
David Cannon,79,56343 James Glen,Thomaston,Hawaii,45655,-66.646932,12.360228
Katrina Castillo,43,894 Hahn Mission,East Edward,Delaware,46800,3.714656,42.503911
Michele Johnson,65,883 Christopher Inlet Apt. 089,Port Aliciaborough,Washington,53358,177.915594,-70.1305945
John Moran,70,409 Sandra Valleys Apt. 500,Vazquezchester,Alaska,16515,29.949784,-78.6600865
Stacey Rich,44,317 Walton Forge,South Nicholas,Maryland,95304,43.501678,4.1446175
Kevin Martinez,58,51058 Jones Burgs,West Tony,North Dakota,21076,-31.941125,-0.8185025
Paul Burns,48,110 Martin Springs Apt. 168,Annetteshire,Rhode Island,48140,88.567378,53.581945
Joseph Blackburn,41,3848 Carpenter Spurs,East Wayne,Colorado,03376,-26.995386,66.4538445
Teresa Riley,18,81083 Hendrix Grove,South William,New Hampshire,91809,168.720240,4.323594
Miranda Smith,64,45031 Romero Valley Apt. 752,New Jason,Ohio,84272,68.570943,4.257274
Teresa Atkins,44,6005 Charles Ramp,Roberthaven,Missouri,04884,-172.889758,46.736403
Joseph Scott,78,8155 Ruth Valley Apt. 992,Emilyberg,New Mexico,95869,-69.839471,-58.156410
Mary Reyes,25,38387 Stacey Light Suite 738,Hernandezbury,South Carolina,37119,-95.225150,68.388731
Diane Peck,49,3846 Washington Rest,New Cameron,Utah,64759,63.571367,-59.445778
Jennifer Parks,43,16828 Cunningham Locks Apt. 530,Bowersshire,Missouri,77279,99.466479,-59.535664
Crystal Knight,35,9318 Wilson Inlet,East Feliciaside,Ohio,29687,99.291094,-45.0351025
Erin Tucker,58,24597 Green Spring,West Vicki,Utah,38488,-154.478882,25.058892
James Torres,44,4425 Rodriguez Ridge Apt. 806,Port Joe,Alabama,38231,52.928668,6.355588
Brenda Glass,28,70310 Davidson Drive Apt. 703,Sloanshire,New Hampshire,99900,-11.062587,-46.7108365
Charles Watson,71,1265 Wells Trail Apt. 647,West Debra,Arkansas,74255,77.323125,86.1821765
Tammy Ortiz,45,97601 Linda Stream Suite 727,East Kayla,New Hampshire,93700,-102.804659,-17.062169
Courtney Moore,46,96983 Baker Lights,Hartborough,Maine,29299,-5.686562,-70.322566
Tracey Schmitt,22,5006 Grant Dam Apt. 602,North Lawrence,Kentucky,60629,-5.697614,34.794393
Brian Williams,61,851 Edwards Underpass Suite 803,Philipside,Mississippi,62568,-117.369383,67.2000735
Daniel Campbell,58,5687 Marissa Forges Suite 241,Martinezfort,North Dakota,53980,144.555332,22.599183
Tony Jackson,44,67635 Christopher Cliffs,Campbellchester,New Jersey,22582,164.756520,81.0614465
Peter Green,36,911 Sandra Squares,Port Nicoleton,Texas,19187,-72.770714,-61.261019
Jody Mcdonald DVM,24,0424 Ruiz Street Suite 476,Barneschester,Vermont,33903,41.648416,13.2582985
Christopher Lewis,65,392 Emily Light Suite 436,Port Stephenland,South Dakota,33103,-7.085879,11.7555235
Logan Smith,32,09970 Reyes Gardens,South Jeffreyborough,North Dakota,15607,49.964344,47.5399225
Jennifer Johnson,30,885 Mcclain Pines,Johnfurt,New York,32961,-163.124790,87.1146895
Jennifer Keith,67,315 Judith Mission Suite 483,North Troy,New Jersey,46580,69.075755,-63.9070685
Anthony Miller,42,76149 Hensley Highway Suite 411,Port Natasha,Wyoming,63713,22.172718,-35.211902
Erin Baldwin,34,580 Stephenson Prairie Apt. 998,South Angela,Maryland,51749,19.753335,26.875959
Mr. Billy Hobbs,24,42604 Thompson Prairie Apt. 158,Port Michael,South Dakota,84875,-109.706017,-86.9278735
Daniel Edwards,78,98268 Jeremy Island,Adamsstad,Washington,12586,-31.589697,-30.2761905
Diane Smith,32,48781 Davis Park Apt. 874,West Amyberg,Rhode Island,38825,-159.543414,-71.599737
Janet Santiago,46,2487 Maria Well Suite 050,Andersonland,Utah,87480,-159.156537,66.627601
Brandon Conrad,24,08747 Silva Valleys Suite 060,Yangfurt,Kansas,33214,106.710863,14.027726
Martha Jones,73,93710 Shaw Groves,South Kurtview,Idaho,84971,102.863873,-7.3314715
Candace Smith,79,922 Torres Prairie Apt. 810,Wrightberg,Utah,57665,20.762141,-70.1918905
Katelyn Miller,26,0277 Shepherd Rest,West Donald,Georgia,26664,-11.132670,16.866609
Nicholas Stanton,52,55955 Browning Plaza Suite 328,Thompsonview,Colorado,75063,-47.556397,-11.240290
Mary Andrews,24,91448 Harris Corner,Leahview,Connecticut,08602,-175.718436,25.7147555
Tanya Nelson,28,653 Joan Lights,Danielmouth,Oregon,77114,30.483761,89.932647
Scott Bennett,26,5213 Cruz Coves Apt. 885,Lake Michaelshire,Missouri,50835,-51.339476,-42.5453515
Julie Lewis,23,40520 Davenport Crossing,Ruizland,Michigan,60065,136.571812,36.0989645
Ana Spencer,64,489 Julie Creek,Beasleystad,Kansas,16028,105.622448,-72.666796
Marcus Henry,49,47112 Griffin Parkway,South Matthew,North Dakota,97672,-92.646576,-19.611946
David Pena,49,6077 Julie Drive,Jasontown,Delaware,61852,153.406016,-20.8042555
Edward Jones,39,844 Ashley Fall Suite 816,West Bradley,Maine,20211,-10.622536,66.2639325
Emily Clark,30,25919 Lynn Manor,North Matthew,Indiana,29107,13.885176,-54.760605
Meredith Reyes,79,53227 Bell Key,Garciastad,Ohio,17167,176.532572,-69.3761175
Christopher Roberts,59,1194 Turner Alley,Davidbury,Washington,96811,74.586027,69.253982
John White,72,71330 Salinas Avenue Suite 109,Port Lisa,Indiana,31927,-13.242488,75.2101055
David Smith,24,36376 Boyle Lake,Tuckershire,New Mexico,20561,153.538837,-22.4200965
Tammy Nash,78,9273 Gonzalez Viaduct Apt. 793,Lisaside,Georgia,28687,121.698723,64.4767425
Jay Russell,41,8260 Jackson Mount,Sanchezfurt,Nevada,85670,-134.968359,70.4308395
Jonathan Beck,78,18468 Matthew Stream Suite 292,South Edward,Pennsylvania,20950,-51.762328,-75.3604795
Jessica Garcia MD,68,0231 Williams Garden Apt. 137,Martinland,New Hampshire,53555,177.600312,-66.315506
Jennifer Shannon,42,6952 Erik Walk Suite 486,Port Shawnafurt,California,24993,88.560024,-45.968104
Richard Franco,29,987 Erin Keys,West Christopher,Maryland,78412,-22.144476,-11.2968355
Dr. Laura Snyder,42,648 Patterson Burgs,Russellborough,Washington,74790,164.194502,5.709489
Denise Zamora,29,2944 Nicole Inlet Suite 890,Danielleville,Florida,98213,100.506938,51.052918
Edward Bryant,36,939 Pitts Prairie,Webbville,Louisiana,88788,169.726109,24.362035
Jennifer Owens,33,2059 Scott Cove Apt. 833,Dennishaven,Pennsylvania,26199,-116.907213,-40.5943145
Mr. Christopher Evans,28,608 Renee Center,Gordonville,Delaware,52592,91.116195,-79.063558
Andrew Holden,66,31009 Kimberly Path Suite 178,Karlaborough,Utah,13078,156.029406,31.8611535
Laura Gallagher,80,7149 Javier Courts Apt. 610,Fosterstad,Montana,02136,-126.389511,32.355044
Mariah Ramirez,73,2803 Bridget Cape Suite 673,North Jenniferport,Arizona,08273,-45.532525,9.3335025
Charlene Barrera,77,1301 Marc Bridge,South Vincentchester,Rhode Island,75159,169.611951,-61.4679025
Randall Price,27,335 Davis Mills Apt. 580,Toddshire,Mississippi,77307,-100.971372,-24.9592845
Melinda Fleming,66,008 Christopher Glen,Port Ashleychester,Oregon,96941,-50.465075,8.524269
Larry Glenn,79,29867 Merritt Islands,Jennahaven,Colorado,25209,24.232786,21.936823
Harold Lucero,21,968 Gina Hills,Port Justinfort,Wyoming,40498,-21.558879,-28.9443335
Christina Barnes,71,93780 Nancy Route,Port Morgan,Nevada,62390,-37.905073,-85.6863435
Christopher Mathis,72,9846 Graham Springs,New Tinaville,Wyoming,10321,-33.832750,13.483608
Amber Williams,35,4566 Edwards Extensions,Justinberg,North Dakota,22918,125.079863,-8.8093585
Courtney Wright,61,238 Roberts Divide,West Tanya,South Carolina,32251,133.667184,-11.6918615
Gary Wilson,78,50630 Harris Track,Tinaburgh,Maine,95903,-76.518953,21.5219195
Jose Santos,26,1304 Cisneros Forest Apt. 226,Maureenport,Louisiana,46886,170.372432,41.744398
